,mu(mean),std(mean),MAE(mean),mu(std),std(std),MAE(std)
raw,14.945,9.486418,2.029,0.21623366990364842,2.11382859198091,0.2543953615929347
scale,14.941199999999997,9.361075999999999,2.0144,0.22509233660877906,1.920662318114249,0.23502476465257888
center,14.953999999999999,9.500784,2.0331999999999995,0.21047565179849195,2.2113427294166774,0.2634269538221174
norm,14.373400000000006,7.550401999999999,1.9177999999999997,0.2424261537045868,1.9429468301000927,0.19831580874957996
scale_p,12.722599999999998,10.846653999999994,3.3333999999999997,0.26794633791115724,1.9965426864667846,0.07254267709424572
center_p,12.708399999999997,27.357175999999992,4.472799999999999,0.3003222269496548,0.8166263817830042,0.13256002414000984
norm_p,13.309800000000001,16.961846,3.335,0.17543648423289843,2.3879489891712526,0.07083078426785919
