,mu(mean),std(mean),MAE(mean),mu(std),std(std),MAE(std)
raw,14.362399999999997,4.546444,1.472,0.32097077748605085,1.1650989970230001,0.13277047864642202
scale,14.366400000000004,4.57792,1.4747999999999999,0.30762158571855774,1.2028045517040575,0.13578276768426836
center,14.375800000000005,4.59889,1.479,0.3131842269336052,1.073222082376243,0.12340583454602141
norm,14.057800000000002,5.592749999999999,1.7990000000000002,0.304153185089356,1.79823672081848,0.15651517498313075
scale_p,15.460400000000003,24.718132,3.964799999999999,1.0586311161117459,2.86495031268886,0.13168507888139797
center_p,14.558799999999994,27.72982800000001,4.0364,0.32359629169692283,7.50556848322737,0.6931948066741412
norm_p,15.7874,8.467906000000001,2.0185999999999997,0.7325948675768893,5.266011735171504,0.8663509912269968
