,mu(mean),std(mean),MAE(mean),mu(std),std(std),MAE(std)
raw,7.068,38.73282400000001,3.3439999999999994,0.2532824510304651,2.966715595035021,0.1956527536223296
min-max,7.039799999999999,38.520042,3.3278,0.226658244941586,2.55649437621834,0.170038701477046
z-score,7.010199999999998,38.11063000000001,3.299,0.2558631665558761,2.820433620863997,0.1980732187853774
nonlinear,5.776000000000002,25.01025599999999,2.345599999999999,0.1441110682772145,2.1212427927193995,0.1028427926497525
min-max_p,12.2532,66.79009199999999,7.816,0.2186269882699754,3.780614487082228,0.1984036289990684
z-score_p,7.963199999999998,30.773528,3.3856000000000006,0.5362068257678188,0.987951331400488,0.5328945861988093
nonlinear_p,5.022200000000001,1.8178420000000008,0.6926000000000001,0.117750414012011,1.1792454894702804,0.1726709008489848
