,mu(mean),std(mean),MAE(mean),mu(std),std(std),MAE(std)
raw,13.6856,8.3589,1.8268,0.0430423047710039,0.154261925308872,0.0312051277837473
min-max,13.683400000000004,8.405394,1.8362,0.0506995069009552,0.1835929643641065,0.0374106936583645
z-score,13.686400000000004,8.377896000000002,1.8264,0.0505869548401562,0.1817909315229998,0.0366475101473483
nonlinear,14.443600000000002,5.502516000000002,1.2996000000000003,0.1179111529924121,0.5089201388666006,0.0846394706977779
min-max_p,14.2798,9.891462,1.9618000000000004,0.1537854349410242,1.8747780443444493,0.2314622215394987
z-score_p,14.266799999999998,35.654627999999995,4.1592,0.1678980643128442,1.8384656360171656,0.1356589842214661
nonlinear_p,14.684,5.77084,1.418,0.0608604962188117,0.4841560475714415,0.0505568986390581
