,mu(mean),std(mean),MAE(mean),mu(std),std(std),MAE(std)
raw,11.882599999999995,11.563805999999998,2.6997999999999998,0.06173524115122593,1.6059038402606793,0.11314574671634808
scale,11.8894,11.589701999999997,2.705799999999999,0.062174271206022265,1.7177531744101078,0.11983471950983154
center,11.868799999999998,11.565067999999998,2.6963999999999997,0.05018525679918369,1.8246736821075713,0.13293246405600093
norm,11.776599999999998,10.439305999999997,2.6062000000000007,0.04675938408490856,1.6802976776047756,0.15014512979114567
scale_p,10.518600000000001,13.190982000000004,2.8133999999999997,0.09732440598328876,1.688871080182262,0.11362411715828648
center_p,10.746999999999998,31.415974000000002,4.353400000000001,0.17267599717389787,1.9763723445555488,0.1623774614901957
norm_p,10.961199999999998,3.4750120000000013,1.1160000000000005,0.23723945708924593,1.980385160178696,0.2864611666526548
