,mu(mean),std(mean),MAE(mean),mu(std),std(std),MAE(std)
raw,13.356600000000007,40.74209,4.8481999999999985,0.49289597279750613,4.39892205710672,0.4028036246112986
scale,13.370200000000004,40.65581799999998,4.843399999999999,0.4977288016580919,4.394895102397326,0.40728668036163423
center,13.376800000000003,40.808252,4.864000000000001,0.5061321566547615,4.434935277734728,0.41794257978818095
norm,13.320599999999999,42.56492599999999,4.996599999999998,0.3955877146727387,3.739208244685497,0.3100813441663333
scale_p,14.8748,24.756244000000006,5.808000000000002,0.41337750301631065,0.7006223222707083,0.2941224234906275
center_p,13.116199999999997,38.576222,5.7998,0.26846891812647516,3.9335178191176405,0.460940299822005
norm_p,13.669800000000002,11.534526000000001,4.002600000000002,0.3625492518265622,0.8081466225407368,0.3908493827550456
