,mu(mean),std(mean),MAE(mean),mu(std),std(std),MAE(std)
raw,9.128799999999998,6.158704,1.4891999999999996,0.0911403313577475,1.1508349353334737,0.12346400285103348
scale,9.138799999999998,6.228444,1.4935999999999998,0.13524259683990106,1.5463282634887066,0.13767730386668672
center,9.147200000000002,6.2473240000000025,1.4928,0.14767586126378282,1.7481530528600748,0.15574389233610408
norm,9.148000000000003,7.288188,1.7915999999999999,0.09750897394599126,1.1902353233944953,0.09379466935812503
scale_p,13.8524,37.18326,4.994399999999999,0.5025477489751596,1.032711335853346,0.15106501911428738
center_p,12.266400000000003,23.753764,3.5719999999999987,0.427629559315069,3.9346432475516777,0.5535160340947677
norm_p,10.6944,8.555976000000001,1.6904,0.17502182721020837,1.056687712535733,0.12417664836836276
