,mu(mean),std(mean),MAE(mean),mu(std),std(std),MAE(std)
raw,14.964800000000002,9.537924,2.0360000000000005,0.2040513660821703,1.9182211822998927,0.2348531456038006
min-max,14.941400000000003,9.513078,2.0362,0.2246954383159569,1.947549898645988,0.2408724973922926
z-score,14.9454,9.420858,2.019399999999999,0.1853667715638375,2.030107188410504,0.2381210616472218
nonlinear,14.3562,7.596601999999999,1.9242,0.2704062869091621,2.066531167100076,0.2120857373799567
min-max_p,11.849400000000005,14.134498000000006,3.921000000000001,0.2354180112055998,0.4890953933498044,0.1177327482054165
z-score_p,13.9586,21.79505,3.859000000000001,0.3473269929043812,3.2228360088127364,0.2810782809112081
nonlinear_p,17.604000000000003,11.079351999999998,3.4644,0.2371328741444342,0.7291705787372388,0.1175612180950844
