,mu(mean),std(mean),MAE(mean),mu(std),std(std),MAE(std)
raw,11.879,11.579314,2.701,0.0514295634824951,1.6368416545298454,0.1120580206857144
min-max,11.881399999999996,11.545309999999995,2.7029999999999994,0.0567806305001978,1.6960778819676876,0.1177837000607469
z-score,11.889,11.579914,2.7030000000000003,0.0562583327161409,1.905321964919315,0.1419753499731555
nonlinear,11.782600000000002,10.434046,2.6062000000000007,0.0537702519986654,1.776040053963874,0.1652741964131121
min-max_p,8.883600000000001,11.217548,2.6308,0.0943559219127237,0.609779972855784,0.0853191654905274
z-score_p,10.4662,11.465969999999997,2.4366000000000003,0.1791300086529332,2.307166137515892,0.1660916614403023
nonlinear_p,11.0948,2.640584,1.4971999999999994,0.045043978509896,2.245231689368384,0.2309981818110264
