,mu(mean),std(mean),MAE(mean),mu(std),std(std),MAE(std)
raw,9.127000000000002,6.305202,1.5001999999999995,0.1525417975507041,1.6709233123623592,0.1450446827705172
min-max,9.1362,6.233454000000003,1.4942000000000002,0.1542580954115537,1.6954864410203936,0.148001216211219
z-score,9.1236,6.250268000000001,1.5020000000000002,0.1267084843252417,1.5000031625886656,0.1421829806974097
nonlinear,9.150199999999998,7.342038000000003,1.7985999999999995,0.1131457467163482,1.2983330227472472,0.0974476269593056
min-max_p,9.3062,4.330290000000001,1.6594,0.0703673219612626,1.6861389678493293,0.233935119210434
z-score_p,11.534399999999998,12.431188,2.228000000000001,0.129725248120788,2.724020659440012,0.3339760470452934
nonlinear_p,10.7228,8.190532000000001,1.7284,0.042756987733001,0.5549053034311351,0.0568281620325697
