,mu(mean),std(mean),MAE(mean),mu(std),std(std),MAE(std)
raw,7.076199999999997,38.91001,3.3582,0.2481603513859537,2.721876130851657,0.1810269593182187
min-max,7.0334,38.395982,3.3162000000000007,0.2535792578268183,2.938620145285197,0.19517059204706
z-score,7.031800000000001,38.456286000000006,3.3206,0.2508042264396674,2.872278086119795,0.1938495292746412
nonlinear,5.7786,25.097337999999983,2.3522,0.1242740519979934,1.84342518176247,0.0887308289153211
min-max_p,5.537999999999999,4.962852000000002,1.7564000000000002,0.591695867824003,1.868926927864221,0.4842716592987865
z-score_p,8.1492,29.559648000000003,3.6868,0.643499308468937,2.193892965323513,0.6112100784509367
nonlinear_p,5.6838,9.135637999999997,1.4594000000000005,0.1240143540079131,1.0328205545766411,0.0918783978963499
