,mu(mean),std(mean),MAE(mean),mu(std),std(std),MAE(std)
raw,7.047199999999998,38.585908,3.3344000000000005,0.23635600267393242,2.688781418400538,0.1807004150520967
scale,7.032599999999999,38.408822,3.3162000000000003,0.27552720373857825,3.213061597746921,0.2064256766974496
center,7.0724,38.78336400000001,3.3531999999999993,0.24123482335682783,2.7219599409072863,0.18477489006897016
norm,5.804200000000001,25.33542999999999,2.3653999999999993,0.14011552376521313,2.04132783102078,0.10713001446840181
scale_p,14.855600000000004,33.032212000000015,10.137200000000002,0.4129608213862423,1.192324679043422,0.38197926645303654
center_p,8.129199999999999,42.672384,4.216399999999999,0.35961557252154697,3.4183217091057987,0.3096627843316016
norm_p,8.036000000000003,39.186424,3.491200000000001,0.22244100341438847,2.683733323455219,0.20177849241185244
