,mu(mean),std(mean),MAE(mean),mu(std),std(std),MAE(std)
raw,14.957800000000002,9.450006,2.0278000000000005,0.245790886730977,1.781506650945767,0.2321662335482918
min-max,14.940200000000004,9.382758,2.017000000000001,0.2065574012230014,2.027650838393041,0.2398186815075089
z-score,14.9506,9.43477,2.0202,0.2121076141961903,2.234036870532804,0.2581277978056606
nonlinear,14.3554,7.731089999999998,1.9322000000000004,0.2357983036410568,2.2070969277537413,0.2269298570043173
min-max_p,14.666399999999989,47.85875599999999,5.676800000000001,0.2440390132745171,3.652746800212684,0.2674504813979589
z-score_p,13.035600000000002,41.041360000000005,5.3132,0.1943518458878126,2.214085076594846,0.1770925181931749
nonlinear_p,14.246200000000004,37.207894,4.318199999999999,0.3726815799043467,1.890243299304088,0.2678483899522265
