,mu(mean),std(mean),MAE(mean),mu(std),std(std),MAE(std)
raw,14.420600000000002,4.612754000000001,1.4753999999999998,0.3366625016244011,1.0804821909147786,0.125733209614644
min-max,14.406600000000005,4.580466,1.4782,0.3481528974459353,1.0180996828621445,0.1198781047564566
z-score,14.4166,4.611774,1.4753999999999996,0.3465118179802818,1.1920704134924245,0.134450139456975
nonlinear,14.116799999999996,5.858904,1.8128,0.331441940617056,1.8368003038937035,0.15446734282689
min-max_p,17.0244,39.30218400000001,5.863200000000001,1.1361428783388117,7.897267770599145,0.273243041997413
z-score_p,14.554999999999998,43.069738,5.538999999999999,0.4854245564451802,3.627157944059784,0.331199335748126
nonlinear_p,12.442199999999996,38.39400200000001,5.519399999999999,0.9428982765919134,6.499380318691621,0.2114087036997294
