,mu(mean),std(mean),MAE(mean),mu(std),std(std),MAE(std)
raw,11.8906,11.567153999999997,2.7082000000000006,0.0517459177133812,1.7178981744224526,0.1260902851134852
min-max,11.882000000000003,11.502491999999991,2.6976000000000004,0.0662117814289875,1.6780163736793494,0.1196922720980766
z-score,11.8786,11.45621,2.6922,0.0495180775071084,1.6676430775498703,0.1146523440667481
nonlinear,11.7788,10.424016,2.6044,0.0430646026337176,1.744251765240329,0.1665552160696265
min-max_p,15.017799999999998,43.497758000000005,6.7894,0.4842779780250181,1.1420543854107832,0.3404374244997162
z-score_p,10.970999999999998,37.02733799999999,5.108599999999998,0.1778229456510041,1.8533309057898968,0.1634259465323667
nonlinear_p,11.056400000000002,11.445647999999997,1.614,0.4204414822540707,3.137182140216917,0.5518006886548802
