,mu(mean),std(mean),MAE(mean),mu(std),std(std),MAE(std)
raw,13.366400000000006,40.71494800000001,4.8524,0.4911242612618519,4.273843388344499,0.4033586989268981
min-max,13.3618,40.740926,4.8458000000000006,0.496361521474016,4.394967144669456,0.4061432752120857
z-score,13.374600000000004,40.76015,4.8518,0.4957064050423395,4.311098539548823,0.3953210846893952
nonlinear,13.3304,42.70428399999999,5.0092,0.4076172714692054,3.7898681693884826,0.3164037926447785
min-max_p,14.660400000000005,37.106032000000006,6.489600000000001,0.6836957217944248,1.0901821520168082,0.4693355302978884
z-score_p,12.829,38.396338,5.3382000000000005,0.1934450826462126,3.266108522501358,0.264232397710803
nonlinear_p,14.631200000000002,52.290108,7.288400000000003,0.2132570280201803,3.4989344255553,0.314244236223992
