,mu(mean),std(mean),MAE(mean),mu(std),std(std),MAE(std)
raw,10.370200000000002,52.61685000000001,6.183399999999999,0.7260178785677387,5.686164035032756,0.5330613848329288
min-max,10.4052,52.75371200000001,6.2064,0.7547853734671861,5.8174686195506045,0.5483712610996312
z-score,10.373399999999998,52.582886,6.1754,0.750657338603973,5.87744137515671,0.5520261225703
nonlinear,9.045199999999996,47.17767200000001,5.026400000000001,0.4667814906356077,4.004177871825376,0.3080374003266485
min-max_p,11.940399999999997,27.054012,7.508400000000002,0.3650148490130232,5.679142615664442,0.2305763214209125
z-score_p,9.7272,53.18602,6.1204,0.4569027905364554,2.489989880461363,0.3463002165751561
nonlinear_p,13.0794,50.86397,8.691799999999997,0.3266889040050182,1.0897779992732457,0.3896803305274722
